time,close,index,duration,epsilon,capital,episode,step,position,entry_price,exit_price,trade_len,pnl_ratio
2020-09-06 19:00:00,10204.71,173.0,0.72,inf,10030.81,1.0,3.0,1.0,10173.37,10204.71,2.0,0.31
2020-09-07 04:00:00,10209.33,182.0,2.97,1.0,10011.27,2.0,8.0,1.0,10229.25,10209.33,6.0,-0.19
2020-09-07 10:00:00,10139.07,188.0,3.56,0.3676,10042.32,3.0,5.0,-1.0,10170.61,10139.07,4.0,0.31
2020-09-07 13:00:00,10026.46,191.0,1.69,0.2047,10086.63,4.0,2.0,-1.0,10070.9,10026.46,1.0,0.44
2020-09-07 21:00:00,10148.47,199.0,7.4,0.1351,10158.39,5.0,7.0,1.0,10076.78,10148.47,6.0,0.71
2020-09-08 02:00:00,10319.95,204.0,5.1,0.0979,10321.16,6.0,4.0,1.0,10157.2,10319.95,3.0,1.6
2020-09-08 10:00:00,10172.79,212.0,10.21,0.0753,10156.01,7.0,7.0,1.0,10338.21,10172.79,6.0,-1.6
2020-09-08 18:00:00,10151.0,220.0,12.2,0.0602,10262.29,8.0,7.0,1.0,10045.88,10151.0,6.0,1.05
2020-09-08 22:00:00,10014.38,224.0,5.75,0.0497,10296.74,9.0,3.0,1.0,9980.87,10014.38,2.0,0.34
2020-09-09 04:00:00,9994.53,230.0,10.32,0.0419,10431.08,10.0,5.0,-1.0,10126.65,9994.53,3.0,1.3
2020-09-09 12:00:00,10171.92,238.0,16.0,0.036000000000000004,10534.88,11.0,7.0,1.0,10071.7,10171.92,6.0,1.0
2020-09-09 20:00:00,10326.38,246.0,16.85,0.0314,10651.18,12.0,7.0,1.0,10213.62,10326.38,5.0,1.1
2020-09-09 23:00:00,10235.99,249.0,5.1,0.0277,10667.66,13.0,2.0,-1.0,10251.85,10235.99,1.0,0.15
2020-09-10 07:00:00,10374.58,257.0,19.15,0.0246,10829.86,14.0,7.0,1.0,10219.2,10374.58,6.0,1.52
2020-09-10 14:00:00,10362.04,264.0,18.01,0.0221,10921.29,15.0,6.0,1.0,10275.29,10362.04,5.0,0.84
2020-09-10 20:00:00,10282.61,270.0,16.38,0.02,10834.44,16.0,5.0,1.0,10365.04,10282.61,4.0,-0.8
2020-09-11 00:00:00,10343.38,274.0,10.43,0.0183,10783.88,17.0,3.0,-1.0,10295.34,10343.38,2.0,-0.47
2020-09-11 06:00:00,10223.57,280.0,18.55,0.0167,10904.41,18.0,5.0,-1.0,10339.13,10223.57,4.0,1.12
2020-09-11 14:00:00,10289.42,288.0,27.1,0.0154,10899.97,19.0,7.0,1.0,10293.61,10289.42,4.0,-0.04
2020-09-11 18:00:00,10306.36,292.0,12.08,0.0143,10917.88,20.0,3.0,1.0,10289.46,10306.36,2.0,0.16
2020-09-11 22:00:00,10322.55,296.0,12.66,0.0132,10927.83,21.0,3.0,1.0,10313.15,10322.55,2.0,0.09
2020-09-12 06:00:00,10358.95,304.0,30.65,0.0123,10927.23,22.0,7.0,1.0,10359.52,10358.95,6.0,-0.01
2020-09-12 14:00:00,10319.74,312.0,32.54,0.0115,10915.22,23.0,7.0,1.0,10331.09,10319.74,6.0,-0.11
2020-09-12 22:00:00,10438.32,320.0,35.85,0.0108,11010.73,24.0,7.0,1.0,10347.78,10438.32,6.0,0.87
2020-09-13 01:00:00,10440.92,323.0,10.43,0.0102,11017.01,25.0,2.0,1.0,10434.97,10440.92,1.0,0.06
2020-09-13 06:00:00,10539.33,328.0,21.94,0.0096,10892.91,26.0,4.0,-1.0,10421.94,10539.33,3.0,-1.13
2020-09-13 09:00:00,10542.27,331.0,10.93,0.0091,10873.52,27.0,2.0,-1.0,10523.53,10542.27,1.0,-0.18
2020-09-13 17:00:00,10280.14,339.0,40.45,0.0086,10641.77,28.0,7.0,1.0,10504.01,10280.14,6.0,-2.13
2020-09-14 00:00:00,10306.66,346.0,35.03,0.0081,10639.3,29.0,6.0,1.0,10309.05,10306.66,3.0,-0.02
2020-09-14 04:00:00,10348.7,350.0,17.89,0.0077,10561.2,30.0,3.0,-1.0,10273.28,10348.7,2.0,-0.73
2020-09-14 12:00:00,10416.06,358.0,42.92,0.0074,10618.61,31.0,7.0,1.0,10359.74,10416.06,4.0,0.54
2020-09-14 20:00:00,10674.98,366.0,44.25,0.006999999999999999,10791.19,32.0,7.0,1.0,10504.26,10674.98,6.0,1.63
2020-09-15 04:00:00,10758.24,374.0,46.2,0.0067,10716.19,33.0,7.0,-1.0,10683.99,10758.24,6.0,-0.69
2020-09-15 12:00:00,10847.32,382.0,50.2,0.0064,10831.94,34.0,7.0,1.0,10731.41,10847.32,6.0,1.08
2020-09-15 16:00:00,10764.19,386.0,21.72,0.0062,10689.19,35.0,3.0,1.0,10907.94,10764.19,2.0,-1.32
2020-09-15 19:00:00,10794.84,389.0,14.84,0.0059,10678.68,36.0,2.0,-1.0,10784.23,10794.84,1.0,-0.1
2020-09-16 03:00:00,10738.19,397.0,56.29,0.0057,10723.41,37.0,7.0,-1.0,10783.36,10738.19,6.0,0.42
2020-09-16 08:00:00,10835.53,402.0,34.73,0.0054,10667.58,38.0,4.0,-1.0,10779.41,10835.53,3.0,-0.52
2020-09-16 14:00:00,10925.23,408.0,41.48,0.0052,10748.77,39.0,5.0,1.0,10842.71,10925.23,2.0,0.76
2020-09-16 18:00:00,11059.57,412.0,24.5,0.005,10802.07,40.0,3.0,1.0,11004.99,11059.57,1.0,0.5
2020-09-17 02:00:00,10993.67,420.0,58.01,0.0049,10818.38,41.0,7.0,-1.0,11010.29,10993.67,6.0,0.15
2020-09-17 09:00:00,10882.39,427.0,50.98,0.0047,10808.13,42.0,6.0,-1.0,10872.09,10882.39,4.0,-0.09
2020-09-17 17:00:00,10838.31,435.0,63.37,0.0045,10769.32,43.0,7.0,1.0,10877.37,10838.31,6.0,-0.36
2020-09-18 01:00:00,10939.99,443.0,62.0,0.0044,10735.02,44.0,7.0,-1.0,10905.26,10939.99,5.0,-0.32
2020-09-18 09:00:00,10954.14,451.0,60.27,0.0042,10682.78,45.0,7.0,-1.0,10901.09,10954.14,6.0,-0.49
2020-09-18 17:00:00,10899.37,459.0,62.26,0.0041,10577.0,46.0,7.0,1.0,11008.38,10899.37,6.0,-0.99
2020-09-19 01:00:00,10933.39,467.0,58.98,0.004,10507.12,47.0,7.0,-1.0,10861.63,10933.39,5.0,-0.66
2020-09-19 09:00:00,10900.29,475.0,59.91,0.0039,10538.97,48.0,7.0,-1.0,10933.44,10900.29,2.0,0.3
2020-09-19 17:00:00,11090.56,483.0,60.11,0.0037,10549.85,49.0,7.0,1.0,11079.13,11090.56,1.0,0.1
2020-09-20 01:00:00,11080.65,491.0,64.45,0.0036,10538.07,50.0,7.0,-1.0,11068.3,11080.65,6.0,-0.11
2020-09-20 10:00:00,10952.92,500.0,72.6,0.0035,10528.76,51.0,8.0,1.0,10962.61,10952.92,1.0,-0.09
2020-09-20 19:00:00,10894.66,509.0,72.82,0.0034,10569.91,52.0,8.0,1.0,10852.25,10894.66,1.0,0.39
2020-09-20 23:00:00,10871.67,513.0,26.03,0.0033,10590.33,53.0,3.0,1.0,10850.7,10871.67,1.0,0.19
2020-09-21 07:00:00,10959.75,521.0,59.2,0.0032,10552.06,54.0,7.0,-1.0,10920.28,10959.75,6.0,-0.36
2020-09-21 15:00:00,10590.06,529.0,59.1,0.0032,10506.01,55.0,7.0,1.0,10636.47,10590.06,2.0,-0.44
2020-09-21 20:00:00,10444.05,534.0,33.63,0.0031,10445.91,56.0,4.0,-1.0,10384.64,10444.05,2.0,-0.57
2020-09-22 04:00:00,10468.55,542.0,59.91,0.003,10455.12,57.0,7.0,-1.0,10477.79,10468.55,6.0,0.09
2020-09-22 12:00:00,10458.4,550.0,59.63,0.0029,10451.91,58.0,7.0,1.0,10461.61,10458.4,5.0,-0.03
2020-09-22 15:00:00,10473.43,553.0,16.91,0.0028,10465.91,59.0,2.0,-1.0,10487.47,10473.43,1.0,0.13
2020-09-22 23:00:00,10547.17,561.0,59.67,0.0028,10369.67,60.0,7.0,-1.0,10451.07,10547.17,6.0,-0.92
2020-09-23 07:00:00,10473.22,569.0,59.49,0.0027,10425.2,61.0,7.0,-1.0,10529.61,10473.22,6.0,0.54
2020-09-23 15:00:00,10495.85,577.0,59.43,0.0026,10492.39,62.0,7.0,1.0,10428.64,10495.85,6.0,0.64
2020-09-23 23:00:00,10252.22,585.0,59.87,0.0026,10696.77,63.0,7.0,-1.0,10455.89,10252.22,4.0,1.95
2020-09-24 02:00:00,10290.84,588.0,17.3,0.0025,10748.35,64.0,2.0,1.0,10241.46,10290.84,1.0,0.48
2020-09-24 10:00:00,10315.83,596.0,59.88,0.0025,10721.48,65.0,7.0,-1.0,10290.11,10315.83,6.0,-0.25
2020-09-24 18:00:00,10672.2,604.0,59.66,0.0024,11031.47,66.0,7.0,1.0,10372.31,10672.2,6.0,2.89
2020-09-24 22:00:00,10626.73,608.0,25.17,0.0024,11003.42,67.0,3.0,1.0,10653.82,10626.73,1.0,-0.25
2020-09-25 06:00:00,10677.05,616.0,59.27,0.0023,11090.68,68.0,7.0,-1.0,10762.4,10677.05,6.0,0.79
2020-09-25 14:00:00,10615.48,624.0,59.19,0.0023,11075.53,69.0,7.0,1.0,10630.0,10615.48,1.0,-0.14
2020-09-25 18:00:00,10651.34,628.0,25.83,0.0022,11098.22,70.0,3.0,1.0,10629.56,10651.34,2.0,0.2
2020-09-26 02:00:00,10649.86,636.0,58.94,0.0022,11155.78,71.0,7.0,-1.0,10705.38,10649.86,6.0,0.52
2020-09-26 10:00:00,10691.0,644.0,57.09,0.0021,11112.84,72.0,7.0,1.0,10732.31,10691.0,2.0,-0.38
2020-09-26 18:00:00,10749.19,652.0,57.76,0.0021,11141.64,73.0,7.0,1.0,10721.4,10749.19,6.0,0.26
2020-09-27 02:00:00,10775.53,660.0,58.25,0.002,11189.03,74.0,7.0,1.0,10729.9,10775.53,6.0,0.43
2020-09-27 10:00:00,10647.72,668.0,57.22,0.002,11050.75,75.0,7.0,1.0,10780.95,10647.72,4.0,-1.24
2020-09-27 18:00:00,10720.35,676.0,57.78,0.002,10995.45,76.0,7.0,-1.0,10666.97,10720.35,4.0,-0.5
2020-09-28 02:00:00,10887.71,684.0,57.54,0.0019,10820.14,77.0,7.0,-1.0,10716.84,10887.71,3.0,-1.59
2020-09-28 08:00:00,10868.73,690.0,41.74,0.0019,10792.97,78.0,5.0,1.0,10896.09,10868.73,2.0,-0.25
2020-09-28 16:00:00,10861.01,698.0,57.29,0.0019,10832.64,79.0,7.0,-1.0,10901.08,10861.01,2.0,0.37
2020-09-29 00:00:00,10867.0,706.0,58.15,0.0018,10835.05,80.0,7.0,-1.0,10869.41,10867.0,2.0,0.02
2020-09-29 05:00:00,10689.94,711.0,32.86,0.0018,10855.77,81.0,4.0,-1.0,10710.43,10689.94,3.0,0.19
2020-09-29 09:00:00,10726.99,715.0,24.69,0.0018,10808.9,82.0,3.0,-1.0,10680.87,10726.99,2.0,-0.43
2020-09-29 13:00:00,10758.92,719.0,24.58,0.0017,10846.56,83.0,3.0,1.0,10721.56,10758.92,2.0,0.35
2020-09-29 16:00:00,10759.91,722.0,16.59,0.0017,10844.13,84.0,2.0,-1.0,10757.5,10759.91,1.0,-0.02
2020-09-29 21:00:00,10737.49,727.0,33.06,0.0017,10853.98,85.0,4.0,1.0,10727.75,10737.49,1.0,0.09
2020-09-30 05:00:00,10742.08,735.0,57.49,0.0016,10882.43,86.0,7.0,-1.0,10770.31,10742.08,6.0,0.26
2020-09-30 13:00:00,10681.0,743.0,57.73,0.0016,10900.39,87.0,7.0,-1.0,10698.66,10681.0,6.0,0.17
2020-09-30 21:00:00,10706.48,751.0,59.33,0.0016,10941.77,88.0,7.0,-1.0,10747.28,10706.48,5.0,0.38
2020-10-01 05:00:00,10798.18,759.0,61.88,0.0016,10852.63,89.0,7.0,-1.0,10710.92,10798.18,6.0,-0.81
2020-10-01 13:00:00,10903.16,767.0,63.41,0.0015,10770.3,90.0,7.0,-1.0,10821.07,10903.16,6.0,-0.76
2020-10-01 21:00:00,10617.74,775.0,63.43,0.0015,11010.56,91.0,7.0,-1.0,10860.0,10617.74,6.0,2.23
2020-10-02 05:00:00,10649.06,783.0,63.01,0.0015,10944.24,92.0,7.0,-1.0,10585.3,10649.06,6.0,-0.6
2020-10-02 09:00:00,10490.88,787.0,28.27,0.0015,10894.59,93.0,3.0,-1.0,10443.5,10490.88,2.0,-0.45
2020-10-02 16:00:00,10522.13,794.0,55.67,0.0014,10983.84,94.0,6.0,1.0,10436.63,10522.13,3.0,0.82
2020-10-03 00:00:00,10551.02,802.0,63.51,0.0014,10976.2,95.0,7.0,-1.0,10543.69,10551.02,6.0,-0.07
2020-10-03 06:00:00,10558.01,808.0,45.54,0.0014,10955.43,96.0,5.0,-1.0,10538.07,10558.01,3.0,-0.19
2020-10-03 14:00:00,10535.54,816.0,61.89,0.0014,10963.66,97.0,7.0,1.0,10527.64,10535.54,3.0,0.08
2020-10-03 22:00:00,10565.02,824.0,59.78,0.0014,10973.03,98.0,7.0,-1.0,10574.06,10565.02,2.0,0.09
2020-10-04 06:00:00,10565.83,832.0,60.35,0.0013,10965.37,99.0,7.0,-1.0,10558.46,10565.83,6.0,-0.07
2020-10-04 13:00:00,10600.75,839.0,53.35,0.0013,10952.89,100.0,6.0,1.0,10612.83,10600.75,4.0,-0.11
2020-10-04 16:00:00,10604.45,842.0,17.88,0.0013,10959.29,101.0,2.0,-1.0,10610.65,10604.45,1.0,0.06
2020-10-05 00:00:00,10660.27,850.0,59.45,0.0013,10897.43,102.0,7.0,-1.0,10600.44,10660.27,6.0,-0.56
2020-10-05 08:00:00,10639.03,858.0,60.2,0.0013,10967.28,103.0,7.0,-1.0,10707.66,10639.03,4.0,0.64
2020-10-05 19:00:00,10696.49,869.0,86.35,0.0012,11016.29,104.0,10.0,-1.0,10744.51,10696.49,1.0,0.45
2020-10-06 03:00:00,10762.13,877.0,60.46,0.0012,10984.11,105.0,7.0,-1.0,10730.78,10762.13,6.0,-0.29
2020-10-06 11:00:00,10746.15,885.0,59.99,0.0012,10964.58,106.0,7.0,1.0,10765.29,10746.15,6.0,-0.18
2020-10-06 19:00:00,10713.97,893.0,59.91,0.0012,10949.81,107.0,7.0,-1.0,10699.56,10713.97,5.0,-0.13
2020-10-07 03:00:00,10583.07,901.0,59.99,0.0012,10937.69,108.0,7.0,-1.0,10571.36,10583.07,6.0,-0.11
2020-10-07 11:00:00,10583.99,909.0,60.45,0.0012,10928.91,109.0,7.0,-1.0,10575.51,10583.99,6.0,-0.08
2020-10-07 19:00:00,10639.01,917.0,59.06,0.0011,10968.71,110.0,7.0,1.0,10600.41,10639.01,6.0,0.36
2020-10-08 03:00:00,10641.1,925.0,59.83,0.0011,10987.96,111.0,7.0,-1.0,10659.81,10641.1,4.0,0.18
2020-10-08 14:00:00,10639.85,936.0,84.51,0.0011,11022.86,112.0,10.0,1.0,10606.17,10639.85,1.0,0.32
2020-10-08 19:00:00,10880.18,941.0,35.15,0.0011,11055.42,113.0,4.0,-1.0,10912.42,10880.18,3.0,0.3
2020-10-09 03:00:00,10899.51,949.0,60.06,0.0011,11034.41,114.0,7.0,-1.0,10878.83,10899.51,6.0,-0.19
2020-10-09 06:00:00,10875.56,952.0,17.05,0.0011,11046.19,115.0,2.0,-1.0,10887.19,10875.56,1.0,0.11
2020-10-09 14:00:00,11067.68,960.0,62.45,0.0011,11134.1,116.0,7.0,1.0,10980.3,11067.68,2.0,0.8
2020-10-09 18:00:00,11048.0,964.0,27.66,0.001,11121.96,117.0,3.0,1.0,11060.06,11048.0,2.0,-0.11
2020-10-10 02:00:00,11077.53,972.0,68.87,0.001,11091.24,118.0,7.0,-1.0,11047.02,11077.53,6.0,-0.28
2020-10-10 08:00:00,11354.84,978.0,54.1,0.001,11119.84,119.0,5.0,-1.0,11384.2,11354.84,4.0,0.26
2020-10-10 16:00:00,11352.0,986.0,67.09,0.001,11085.91,120.0,7.0,-1.0,11317.46,11352.0,3.0,-0.31
2020-10-11 00:00:00,11345.5,994.0,65.97,0.001,11077.73,121.0,7.0,1.0,11353.88,11345.5,5.0,-0.07
2020-10-11 03:00:00,11365.34,997.0,19.52,0.001,11014.35,122.0,2.0,-1.0,11300.69,11365.34,1.0,-0.57
2020-10-11 14:00:00,11355.74,1008.0,89.34,0.001,11030.58,123.0,10.0,-1.0,11372.5,11355.74,1.0,0.15
2020-10-12 00:00:00,11353.86,1018.0,78.04,0.001,11005.62,124.0,9.0,-1.0,11328.22,11353.86,1.0,-0.23
2020-10-12 08:00:00,11342.24,1026.0,60.53,0.001,11056.22,125.0,7.0,-1.0,11394.63,11342.24,5.0,0.46
2020-10-12 20:00:00,11548.69,1038.0,95.54,0.0009,11048.95,126.0,11.0,1.0,11556.29,11548.69,1.0,-0.07
2020-10-13 04:00:00,11487.8,1046.0,61.73,0.0009,11117.66,127.0,7.0,-1.0,11559.69,11487.8,6.0,0.62
2020-10-13 15:00:00,11349.69,1057.0,85.19,0.0009,11022.23,128.0,10.0,1.0,11447.96,11349.69,1.0,-0.86
2020-10-13 21:00:00,11387.83,1063.0,43.05,0.0009,11054.78,129.0,5.0,1.0,11354.3,11387.83,2.0,0.3
2020-10-14 05:00:00,11390.0,1071.0,60.98,0.0009,11109.49,130.0,7.0,-1.0,11446.65,11390.0,6.0,0.49
2020-10-14 13:00:00,11362.92,1079.0,60.71,0.0009,11056.48,131.0,7.0,1.0,11417.4,11362.92,2.0,-0.48
2020-10-14 19:00:00,11337.37,1085.0,43.58,0.0009,11058.73,132.0,5.0,-1.0,11339.68,11337.37,1.0,0.02
2020-10-15 03:00:00,11389.9,1093.0,62.16,0.0009,11012.27,133.0,7.0,-1.0,11342.25,11389.9,6.0,-0.42
2020-10-15 11:00:00,11313.38,1101.0,60.56,0.0009,11075.74,134.0,7.0,-1.0,11378.96,11313.38,6.0,0.58
2020-10-15 17:00:00,11398.22,1107.0,43.99,0.0009,11156.83,135.0,5.0,1.0,11315.37,11398.22,4.0,0.73
2020-10-16 01:00:00,11505.12,1115.0,61.1,0.0009,11114.44,136.0,7.0,-1.0,11461.57,11505.12,6.0,-0.38
2020-10-16 09:00:00,11305.87,1123.0,60.57,0.0009,11327.32,137.0,7.0,-1.0,11526.65,11305.87,6.0,1.92
2020-10-16 17:00:00,11331.19,1131.0,60.39,0.0009,11247.58,138.0,7.0,-1.0,11251.98,11331.19,6.0,-0.7
2020-10-17 01:00:00,11319.32,1139.0,60.15,0.0009,11263.13,139.0,7.0,-1.0,11334.99,11319.32,6.0,0.14
2020-10-17 05:00:00,11363.01,1143.0,26.02,0.0009,11244.21,140.0,3.0,-1.0,11343.95,11363.01,1.0,-0.17
2020-10-17 13:00:00,11343.13,1151.0,61.29,0.0009,11237.43,141.0,7.0,1.0,11349.97,11343.13,6.0,-0.06
2020-10-17 21:00:00,11342.21,1159.0,60.94,0.0009,11252.41,142.0,7.0,1.0,11327.11,11342.21,3.0,0.13
2020-10-18 05:00:00,11368.02,1167.0,59.94,0.0009,11226.4,143.0,7.0,-1.0,11341.8,11368.02,6.0,-0.23
2020-10-18 13:00:00,11420.62,1175.0,60.21,0.0009,11226.09,144.0,7.0,1.0,11420.93,11420.62,1.0,-0.0
2020-10-18 21:00:00,11432.24,1183.0,60.36,0.0009,11231.81,145.0,7.0,-1.0,11438.06,11432.24,6.0,0.05
2020-10-19 08:00:00,11450.15,1194.0,86.65,0.0009,11239.72,146.0,10.0,1.0,11442.09,11450.15,1.0,0.07
2020-10-19 20:00:00,11669.56,1206.0,93.99,0.0009,11189.67,147.0,11.0,1.0,11721.75,11669.56,1.0,-0.45
2020-10-20 04:00:00,11719.95,1214.0,60.52,0.0009,11192.66,148.0,7.0,-1.0,11723.08,11719.95,6.0,0.03
2020-10-20 12:00:00,11834.79,1222.0,61.64,0.0009,11298.98,149.0,7.0,1.0,11723.43,11834.79,6.0,0.95
2020-10-20 19:00:00,11962.82,1229.0,52.68,0.0009,11344.47,150.0,6.0,1.0,11914.85,11962.82,3.0,0.4
2020-10-21 03:00:00,11988.26,1237.0,61.21,0.0009,11272.18,151.0,7.0,-1.0,11912.35,11988.26,6.0,-0.64
2020-10-21 08:00:00,12232.76,1242.0,34.8,0.0009,11225.5,152.0,4.0,-1.0,12182.31,12232.76,3.0,-0.41
2020-10-21 16:00:00,12730.01,1250.0,61.94,0.0009,10996.79,153.0,7.0,-1.0,12475.83,12730.01,1.0,-2.04
2020-10-21 21:00:00,12680.75,1255.0,35.02,0.0009,10873.66,154.0,4.0,1.0,12824.35,12680.75,3.0,-1.12
2020-10-22 04:00:00,12793.59,1262.0,52.81,0.0009,10972.18,155.0,6.0,-1.0,12910.57,12793.59,5.0,0.91
2020-10-22 12:00:00,12959.79,1270.0,61.92,0.0009,10793.83,156.0,7.0,-1.0,12752.5,12959.79,6.0,-1.63
2020-10-22 20:00:00,13042.48,1278.0,60.4,0.0009,10955.51,157.0,7.0,1.0,12850.0,13042.48,6.0,1.5
2020-10-23 04:00:00,12985.0,1286.0,62.02,0.0009,11055.09,158.0,7.0,-1.0,13104.11,12985.0,6.0,0.91
2020-10-23 12:00:00,13015.02,1294.0,62.58,0.0009,11032.1,159.0,7.0,-1.0,12988.01,13015.02,5.0,-0.21
2020-10-23 20:00:00,12852.97,1302.0,62.96,0.0009,10947.12,160.0,7.0,1.0,12952.75,12852.97,5.0,-0.77
2020-10-23 23:00:00,12904.83,1305.0,17.71,0.0009,10927.83,161.0,2.0,1.0,12927.6,12904.83,1.0,-0.18
2020-10-24 07:00:00,12964.71,1313.0,62.12,0.0009,10892.62,162.0,7.0,-1.0,12923.07,12964.71,6.0,-0.32
2020-10-24 15:00:00,12989.3,1321.0,62.11,0.0009,10903.23,163.0,7.0,1.0,12976.66,12989.3,1.0,0.1
2020-10-24 22:00:00,13091.8,1328.0,53.36,0.0009,10893.36,164.0,6.0,1.0,13103.66,13091.8,2.0,-0.09
2020-10-25 05:00:00,13311.81,1336.0,61.94,0.0009,10690.58,165.0,7.0,-1.0,13068.53,13311.81,6.0,-1.86
2020-10-25 12:00:00,12951.73,1343.0,53.08,0.0009,10639.95,166.0,6.0,1.0,13013.36,12951.73,5.0,-0.47
2020-10-25 19:00:00,12985.58,1350.0,53.32,0.0009,10638.02,167.0,6.0,-1.0,12983.23,12985.58,5.0,-0.02
2020-10-26 03:00:00,13087.7,1358.0,62.31,0.0009,10686.09,168.0,7.0,1.0,13028.83,13087.7,3.0,0.45
2020-10-26 11:00:00,13108.67,1366.0,62.27,0.0009,10685.55,169.0,7.0,1.0,13109.33,13108.67,6.0,-0.01
2020-10-26 19:00:00,12963.25,1374.0,60.58,0.0009,10880.43,170.0,7.0,-1.0,13204.06,12963.25,5.0,1.82
2020-10-27 03:00:00,13071.89,1382.0,60.46,0.0009,10816.96,171.0,7.0,-1.0,12996.08,13071.89,6.0,-0.58
2020-10-27 07:00:00,13106.09,1386.0,26.36,0.0009,10832.22,172.0,3.0,-1.0,13124.6,13106.09,2.0,0.14
2020-10-27 15:00:00,13390.83,1394.0,62.5,0.0009,10784.72,173.0,7.0,1.0,13449.8,13390.83,3.0,-0.44
2020-10-27 23:00:00,13730.0,1402.0,63.03,0.0009,10715.75,174.0,7.0,-1.0,13642.75,13730.0,6.0,-0.64
2020-10-28 07:00:00,13709.37,1410.0,61.52,0.0009,10718.02,175.0,7.0,-1.0,13712.27,13709.37,6.0,0.02
2020-10-28 16:00:00,13221.26,1419.0,71.17,0.0009,10842.67,176.0,8.0,1.0,13069.26,13221.26,1.0,1.16
2020-10-28 20:00:00,13165.31,1423.0,26.67,0.0009,10828.22,177.0,3.0,1.0,13182.88,13165.31,2.0,-0.13
2020-10-29 04:00:00,13280.99,1431.0,62.6,0.0009,10757.65,178.0,7.0,-1.0,13195.0,13280.99,6.0,-0.65
2020-10-29 12:00:00,13052.06,1439.0,63.56,0.0009,10720.32,179.0,7.0,1.0,13097.51,13052.06,1.0,-0.35
2020-10-29 19:00:00,13557.67,1446.0,53.53,0.0009,10624.01,180.0,6.0,-1.0,13436.95,13557.67,3.0,-0.9
2020-10-30 03:00:00,13458.45,1454.0,61.88,0.0009,10640.88,181.0,7.0,-1.0,13479.86,13458.45,6.0,0.16
2020-10-30 11:00:00,13301.62,1462.0,63.07,0.0009,10721.19,182.0,7.0,1.0,13201.99,13301.62,4.0,0.75
2020-10-30 14:00:00,13263.3,1465.0,18.06,0.0009,10773.88,183.0,2.0,-1.0,13328.81,13263.3,1.0,0.49
2020-10-30 17:00:00,13522.27,1468.0,17.9,0.0009,10751.85,184.0,2.0,1.0,13549.98,13522.27,1.0,-0.2
2020-10-30 20:00:00,13536.44,1471.0,17.91,0.0009,10742.36,185.0,2.0,-1.0,13524.51,13536.44,1.0,-0.09
2020-10-31 04:00:00,13491.54,1479.0,62.01,0.0009,10786.7,186.0,7.0,-1.0,13547.45,13491.54,6.0,0.41
2020-10-31 13:00:00,13878.5,1488.0,72.96,0.0009,10739.11,187.0,8.0,1.0,13940.0,13878.5,1.0,-0.44
2020-10-31 16:00:00,13852.02,1491.0,17.89,0.0009,10770.64,188.0,2.0,1.0,13811.47,13852.02,1.0,0.29
2020-10-31 21:00:00,13837.98,1496.0,35.81,0.0009,10723.98,189.0,4.0,-1.0,13778.29,13837.98,3.0,-0.43
2020-11-01 00:00:00,13791.0,1499.0,18.09,0.0009,10782.74,190.0,2.0,-1.0,13866.99,13791.0,1.0,0.55
2020-11-01 08:00:00,13792.51,1507.0,61.84,0.0009,10844.03,191.0,7.0,1.0,13714.56,13792.51,1.0,0.57
2020-11-01 22:00:00,13811.94,1521.0,115.44,0.0009,10848.36,192.0,13.0,-1.0,13817.46,13811.94,1.0,0.04
2020-11-02 06:00:00,13686.75,1529.0,62.66,0.0009,10856.91,193.0,7.0,-1.0,13697.54,13686.75,2.0,0.08
2020-11-02 14:00:00,13392.19,1537.0,62.96,0.0009,10934.17,194.0,7.0,1.0,13297.56,13392.19,1.0,0.71
2020-11-02 18:00:00,13512.51,1541.0,26.76,0.0009,10945.11,195.0,3.0,1.0,13499.0,13512.51,2.0,0.1
2020-11-03 02:00:00,13596.56,1549.0,62.44,0.0009,10910.46,196.0,7.0,-1.0,13553.65,13596.56,6.0,-0.32
2020-11-03 10:00:00,13561.88,1557.0,62.96,0.0009,11048.9,197.0,7.0,1.0,13391.96,13561.88,6.0,1.27
2020-11-03 18:00:00,13731.49,1565.0,62.98,0.0009,10871.64,198.0,7.0,-1.0,13514.68,13731.49,5.0,-1.6
2020-11-04 02:00:00,13812.21,1573.0,62.35,0.0009,10799.59,199.0,7.0,-1.0,13721.27,13812.21,6.0,-0.66
2020-11-04 08:00:00,13600.46,1579.0,45.18,0.0009,10568.76,200.0,5.0,1.0,13897.51,13600.46,4.0,-2.14
2020-11-04 16:00:00,13911.47,1587.0,63.9,0.0009,10369.28,201.0,7.0,-1.0,13653.77,13911.47,6.0,-1.89
2020-11-04 23:00:00,14140.94,1594.0,53.5,0.0009,10447.55,202.0,6.0,1.0,14035.0,14140.94,2.0,0.75
2020-11-05 07:00:00,14335.18,1602.0,62.5,0.0009,10277.13,203.0,7.0,-1.0,14105.09,14335.18,6.0,-1.63
2020-11-05 15:00:00,14894.46,1610.0,62.73,0.0009,10597.57,204.0,7.0,1.0,14444.09,14894.46,6.0,3.12
2020-11-05 19:00:00,14938.94,1614.0,27.09,0.0009,10445.88,205.0,3.0,1.0,15155.87,14938.94,2.0,-1.43
2020-11-05 22:00:00,15227.27,1617.0,18.24,0.0009,10334.49,206.0,2.0,-1.0,15066.61,15227.27,1.0,-1.07
2020-11-06 03:00:00,15644.46,1622.0,35.2,0.0009,10298.41,207.0,4.0,-1.0,15590.02,15644.46,3.0,-0.35
2020-11-06 11:00:00,15584.33,1630.0,62.85,0.0009,10177.18,208.0,7.0,-1.0,15403.01,15584.33,1.0,-1.18
2020-11-06 16:00:00,15411.27,1635.0,36.52,0.0009,9999.54,209.0,4.0,1.0,15685.04,15411.27,2.0,-1.75
2020-11-07 00:00:00,15579.92,1643.0,67.14,0.0009,9937.61,210.0,7.0,-1.0,15484.02,15579.92,3.0,-0.62
2020-11-07 05:00:00,15513.16,1648.0,36.21,0.0009,10046.1,211.0,4.0,-1.0,15684.39,15513.16,3.0,1.09
2020-11-07 20:00:00,14643.52,1663.0,127.22,0.0009,9854.69,212.0,14.0,1.0,14927.95,14643.52,1.0,-1.91
2020-11-08 01:00:00,14912.74,1668.0,36.31,0.0009,9929.76,213.0,4.0,1.0,14800.0,14912.74,2.0,0.76
2020-11-08 09:00:00,14970.87,1676.0,63.44,0.0009,9959.71,214.0,7.0,-1.0,15016.16,14970.87,6.0,0.3
2020-11-08 17:00:00,15387.99,1684.0,63.16,0.0009,10108.49,215.0,7.0,1.0,15161.5,15387.99,6.0,1.49
2020-11-09 01:00:00,15549.62,1692.0,63.49,0.0009,10076.13,216.0,7.0,-1.0,15500.0,15549.62,2.0,-0.32
2020-11-09 10:00:00,15404.26,1701.0,72.03,0.0009,10083.17,217.0,8.0,1.0,15393.5,15404.26,1.0,0.07
2020-11-09 14:00:00,15278.58,1705.0,27.09,0.0009,9897.45,218.0,3.0,1.0,15565.27,15278.58,1.0,-1.84
2020-11-09 19:00:00,15317.51,1710.0,36.02,0.0009,10106.31,219.0,4.0,1.0,15000.96,15317.51,3.0,2.11
2020-11-10 03:00:00,15339.14,1718.0,62.65,0.0009,10129.07,220.0,7.0,-1.0,15373.76,15339.14,6.0,0.23
2020-11-10 11:00:00,15305.14,1726.0,61.77,0.0009,10183.28,221.0,7.0,-1.0,15387.5,15305.14,6.0,0.54
2020-11-10 19:00:00,15266.23,1734.0,61.86,0.0009,10214.81,222.0,7.0,1.0,15219.11,15266.23,4.0,0.31
2020-11-11 03:00:00,15387.16,1742.0,62.36,0.0009,10204.47,223.0,7.0,-1.0,15371.6,15387.16,5.0,-0.1
2020-11-11 11:00:00,15590.79,1750.0,61.72,0.0009,10055.45,224.0,7.0,-1.0,15366.38,15590.79,6.0,-1.46
2020-11-11 14:00:00,15557.85,1753.0,17.66,0.0009,10095.46,225.0,2.0,-1.0,15620.0,15557.85,1.0,0.4
2020-11-11 22:00:00,15813.63,1761.0,62.16,0.0009,10189.76,226.0,7.0,1.0,15667.27,15813.63,6.0,0.93
2020-11-12 06:00:00,15747.94,1769.0,62.77,0.0009,10148.38,227.0,7.0,-1.0,15684.24,15747.94,6.0,-0.41
2020-11-12 14:00:00,15996.02,1777.0,62.54,0.0009,10219.0,228.0,7.0,1.0,15885.47,15996.02,1.0,0.7
2020-11-12 22:00:00,16140.17,1785.0,62.49,0.0009,10209.4,229.0,7.0,-1.0,16125.01,16140.17,6.0,-0.09
2020-11-13 07:00:00,16314.54,1794.0,71.7,0.0009,10260.12,230.0,8.0,1.0,16233.88,16314.54,1.0,0.5
2020-11-13 15:00:00,16210.33,1802.0,61.75,0.0009,10247.33,231.0,7.0,1.0,16230.57,16210.33,1.0,-0.12
2020-11-13 22:00:00,16272.78,1809.0,52.88,0.0009,10292.13,232.0,6.0,1.0,16201.94,16272.78,1.0,0.44
2020-11-14 06:00:00,16165.7,1817.0,63.18,0.0009,10389.88,233.0,7.0,-1.0,16320.7,16165.7,6.0,0.95
2020-11-14 14:00:00,15929.38,1825.0,67.23,0.0009,10286.8,234.0,7.0,1.0,16089.0,15929.38,6.0,-0.99
2020-11-14 22:00:00,15990.48,1833.0,64.7,0.0009,10261.93,235.0,7.0,-1.0,15951.92,15990.48,6.0,-0.24
2020-11-15 06:00:00,16019.97,1841.0,62.87,0.0009,10294.17,236.0,7.0,-1.0,16070.45,16019.97,6.0,0.31
2020-11-15 14:00:00,16052.57,1849.0,63.22,0.0009,10337.55,237.0,7.0,1.0,15985.2,16052.57,1.0,0.42
2020-11-15 23:00:00,15925.18,1858.0,70.6,0.0009,10287.65,238.0,8.0,-1.0,15848.67,15925.18,1.0,-0.48
2020-11-16 07:00:00,16237.99,1866.0,61.37,0.0009,10116.9,239.0,7.0,-1.0,15972.88,16237.99,6.0,-1.66
2020-11-16 15:00:00,16401.52,1874.0,61.96,0.0009,10220.67,240.0,7.0,1.0,16235.0,16401.52,5.0,1.03
2020-11-16 21:00:00,16825.56,1880.0,44.23,0.0009,10060.85,241.0,5.0,-1.0,16566.52,16825.56,4.0,-1.56
2020-11-17 05:00:00,16668.95,1888.0,61.48,0.0009,10087.89,242.0,7.0,-1.0,16713.86,16668.95,6.0,0.27
2020-11-17 14:00:00,16947.38,1897.0,69.81,0.0009,10007.79,243.0,8.0,1.0,17083.01,16947.38,1.0,-0.79
2020-11-17 18:00:00,17808.66,1901.0,26.38,0.0009,10288.85,244.0,3.0,1.0,17322.19,17808.66,2.0,2.81
2020-11-17 22:00:00,17624.15,1905.0,27.89,0.0009,10253.32,245.0,3.0,1.0,17685.22,17624.15,2.0,-0.35
2020-11-18 06:00:00,17623.39,1913.0,62.35,0.0009,10274.22,246.0,7.0,-1.0,17659.38,17623.39,6.0,0.2
2020-11-18 14:00:00,17882.89,1921.0,61.9,0.0009,10171.38,247.0,7.0,1.0,18063.7,17882.89,6.0,-1.0
2020-11-18 19:00:00,17775.92,1926.0,35.47,0.0009,10227.12,248.0,4.0,-1.0,17873.88,17775.92,3.0,0.55
2020-11-19 03:00:00,17928.65,1934.0,61.56,0.0009,10185.22,249.0,7.0,-1.0,17855.5,17928.65,1.0,-0.41
2020-11-19 11:00:00,17611.77,1942.0,61.29,0.0009,10052.26,250.0,7.0,1.0,17844.73,17611.77,6.0,-1.31
2020-11-19 14:00:00,18000.56,1945.0,17.42,0.0009,10216.89,251.0,2.0,1.0,17710.5,18000.56,1.0,1.64
2020-11-19 21:00:00,18023.99,1952.0,52.49,0.0009,10205.0,252.0,6.0,1.0,18045.0,18023.99,5.0,-0.12
2020-11-20 05:00:00,18194.79,1960.0,61.3,0.0009,10013.63,253.0,7.0,-1.0,17859.87,18194.79,6.0,-1.88
2020-11-20 13:00:00,18234.99,1968.0,62.09,0.0009,10029.26,254.0,7.0,-1.0,18263.5,18234.99,1.0,0.16
2020-11-20 19:00:00,18582.33,1974.0,43.8,0.0009,10055.45,255.0,5.0,-1.0,18630.98,18582.33,4.0,0.26
2020-11-21 03:00:00,18739.96,1982.0,62.57,0.0009,9992.48,256.0,7.0,-1.0,18623.35,18739.96,6.0,-0.63
2020-11-21 11:00:00,18593.39,1990.0,64.52,0.0009,9960.85,257.0,7.0,1.0,18652.44,18593.39,5.0,-0.32
2020-11-21 17:00:00,18732.18,1996.0,46.19,0.0009,9912.36,258.0,5.0,-1.0,18641.43,18732.18,4.0,-0.49
2020-11-22 01:00:00,18547.96,2004.0,62.64,0.0009,9959.69,259.0,7.0,-1.0,18636.95,18547.96,2.0,0.48
2020-11-22 08:00:00,18498.31,2011.0,53.37,0.0009,9903.93,260.0,6.0,1.0,18602.46,18498.31,3.0,-0.56
2020-11-22 14:00:00,18196.37,2017.0,44.24,0.0009,10074.76,261.0,5.0,1.0,17887.82,18196.37,2.0,1.72
2020-11-22 17:00:00,18554.93,2020.0,17.51,0.0009,10217.68,262.0,2.0,1.0,18295.4,18554.93,1.0,1.42
2020-11-23 01:00:00,18136.3,2028.0,61.4,0.0009,10454.72,263.0,7.0,-1.0,18567.04,18136.3,3.0,2.32
2020-11-23 09:00:00,18575.01,2036.0,61.27,0.0009,10571.97,264.0,7.0,1.0,18369.0,18575.01,5.0,1.12
2020-11-23 17:00:00,18376.42,2044.0,62.3,0.0009,10659.63,265.0,7.0,-1.0,18530.07,18376.42,2.0,0.83
2020-11-23 22:00:00,18410.29,2049.0,35.07,0.0009,10639.9,266.0,4.0,1.0,18444.44,18410.29,2.0,-0.19
2020-11-24 06:00:00,18322.38,2057.0,61.74,0.0009,10571.35,267.0,7.0,1.0,18441.19,18322.38,1.0,-0.64
2020-11-24 14:00:00,19167.81,2065.0,61.76,0.0009,10566.8,268.0,7.0,1.0,19176.06,19167.81,1.0,-0.04
2020-11-24 22:00:00,18939.3,2073.0,59.18,0.0009,10795.66,269.0,7.0,-1.0,19358.57,18939.3,6.0,2.17
2020-11-25 07:00:00,18895.0,2082.0,67.43,0.0009,10804.52,270.0,8.0,1.0,18879.49,18895.0,1.0,0.08
2020-11-25 13:00:00,19291.59,2088.0,43.44,0.0009,10810.15,271.0,5.0,1.0,19281.55,19291.59,1.0,0.05
2020-11-25 17:00:00,18988.62,2092.0,25.36,0.0009,10967.44,272.0,3.0,-1.0,19268.99,18988.62,2.0,1.46
2020-11-26 01:00:00,18862.54,2100.0,59.36,0.0009,11079.17,273.0,7.0,-1.0,19056.67,18862.54,6.0,1.02
2020-11-26 09:00:00,16878.8,2108.0,58.92,0.0009,10415.62,274.0,7.0,1.0,17954.09,16878.8,2.0,-5.99
2020-11-26 14:00:00,17054.57,2113.0,33.08,0.0009,10387.95,275.0,4.0,1.0,17100.0,17054.57,2.0,-0.27
2020-11-26 22:00:00,17031.18,2121.0,58.86,0.0009,10310.53,276.0,7.0,-1.0,16905.18,17031.18,6.0,-0.75
2020-11-27 01:00:00,17393.73,2124.0,16.68,0.0009,10457.38,277.0,2.0,1.0,17149.47,17393.73,1.0,1.42
2020-11-27 09:00:00,16850.85,2132.0,58.12,0.0009,10704.39,278.0,7.0,-1.0,17258.5,16850.85,3.0,2.36
2020-11-27 17:00:00,16810.09,2140.0,58.62,0.0009,10634.42,279.0,7.0,1.0,16920.69,16810.09,6.0,-0.65
2020-11-28 01:00:00,17150.0,2148.0,60.72,0.0009,10537.38,280.0,7.0,-1.0,16994.92,17150.0,3.0,-0.91
2020-11-28 07:00:00,17019.32,2154.0,42.49,0.0009,10573.37,281.0,5.0,1.0,16961.38,17019.32,2.0,0.34
2020-11-28 15:00:00,17336.07,2162.0,60.89,0.0009,10659.67,282.0,7.0,1.0,17195.73,17336.07,4.0,0.82
2020-11-28 22:00:00,17741.05,2169.0,54.19,0.0009,10680.01,283.0,6.0,1.0,17707.26,17741.05,5.0,0.19
2020-11-29 06:00:00,17790.31,2177.0,59.93,0.0009,10637.54,284.0,7.0,-1.0,17719.85,17790.31,6.0,-0.4
2020-11-29 14:00:00,18097.46,2185.0,60.14,0.0009,10641.67,285.0,7.0,1.0,18090.44,18097.46,2.0,0.04
2020-11-29 22:00:00,18255.0,2193.0,60.59,0.0009,10561.36,286.0,7.0,-1.0,18118.27,18255.0,3.0,-0.75
2020-11-30 09:00:00,18462.31,2203.0,75.31,0.0009,10652.49,287.0,9.0,-1.0,18623.0,18462.31,1.0,0.86
2020-11-30 17:00:00,19196.4,2211.0,59.54,0.0009,10253.32,288.0,7.0,-1.0,18503.06,19196.4,6.0,-3.75
2020-11-30 21:00:00,19439.48,2215.0,26.11,0.0009,10394.32,289.0,3.0,1.0,19175.78,19439.48,2.0,1.38
2020-12-01 05:00:00,19354.31,2223.0,58.97,0.0009,10574.58,290.0,7.0,-1.0,19695.87,19354.31,5.0,1.73
2020-12-01 13:00:00,18551.35,2231.0,59.91,0.0009,11050.18,291.0,7.0,-1.0,19425.0,18551.35,1.0,4.5
2020-12-01 18:00:00,19058.4,2236.0,33.95,0.0009,10920.16,292.0,4.0,1.0,19285.31,19058.4,3.0,-1.18
2020-12-02 02:00:00,18854.01,2244.0,59.48,0.0009,11043.73,293.0,7.0,-1.0,19069.79,18854.01,6.0,1.13
2020-12-02 10:00:00,19035.99,2252.0,60.87,0.0009,11291.52,294.0,7.0,1.0,18618.25,19035.99,6.0,2.24
2020-12-02 18:00:00,18976.33,2260.0,59.44,0.0009,11379.0,295.0,7.0,-1.0,19124.51,18976.33,4.0,0.77
2020-12-02 21:00:00,19083.4,2263.0,17.77,0.0009,11368.46,296.0,2.0,1.0,19101.1,19083.4,1.0,-0.09
2020-12-03 06:00:00,18922.83,2272.0,68.2,0.0009,11297.78,297.0,8.0,1.0,19041.21,18922.83,1.0,-0.62
2020-12-03 14:00:00,19281.0,2280.0,60.98,0.0009,11240.77,298.0,7.0,1.0,19378.79,19281.0,5.0,-0.5
2020-12-03 22:00:00,19438.86,2288.0,59.57,0.0009,11191.94,299.0,7.0,-1.0,19354.78,19438.86,5.0,-0.43
2020-12-04 06:00:00,19200.07,2296.0,58.34,0.0009,11141.62,300.0,7.0,1.0,19286.78,19200.07,1.0,-0.45
2020-12-04 14:00:00,19005.34,2304.0,57.81,0.0009,10980.66,301.0,7.0,1.0,19283.94,19005.34,6.0,-1.44
2020-12-04 17:00:00,18981.28,2307.0,16.97,0.0009,11002.64,302.0,2.0,1.0,18943.35,18981.28,1.0,0.2
2020-12-05 01:00:00,18764.23,2315.0,59.91,0.0009,11171.36,303.0,7.0,-1.0,19056.45,18764.23,6.0,1.53
2020-12-05 09:00:00,19149.9,2323.0,58.6,0.0009,11385.54,304.0,7.0,1.0,18789.66,19149.9,6.0,1.92
2020-12-05 17:00:00,19099.0,2331.0,59.33,0.0009,11394.76,305.0,7.0,-1.0,19114.48,19099.0,6.0,0.08
2020-12-06 01:00:00,19268.81,2339.0,57.96,0.0009,11485.67,306.0,7.0,1.0,19116.3,19268.81,6.0,0.8
2020-12-07 05:00:00,19285.97,2367.0,228.76,0.0009,11487.63,307.0,27.0,1.0,19282.68,19285.97,1.0,0.02
2020-12-07 21:00:00,19050.63,2383.0,127.13,0.0009,11436.98,308.0,15.0,-1.0,18967.01,19050.63,1.0,-0.44
2020-12-08 01:00:00,19228.4,2387.0,24.89,0.0009,11505.15,309.0,3.0,1.0,19114.48,19228.4,2.0,0.6
2020-12-08 09:00:00,19069.96,2395.0,58.51,0.0009,11569.73,310.0,7.0,-1.0,19177.61,19069.96,6.0,0.56
2020-12-08 17:00:00,18832.03,2403.0,58.89,0.0009,11514.21,311.0,7.0,1.0,18922.84,18832.03,3.0,-0.48
2020-12-09 01:00:00,18180.01,2411.0,59.35,0.0009,11880.8,312.0,7.0,-1.0,18777.86,18180.01,3.0,3.18
2020-12-09 06:00:00,18205.5,2416.0,33.2,0.0009,11831.73,313.0,4.0,1.0,18281.0,18205.5,3.0,-0.41
2020-12-09 12:00:00,18244.95,2422.0,42.3,0.0009,11619.92,314.0,5.0,-1.0,17924.07,18244.95,4.0,-1.79
2020-12-09 15:00:00,18451.01,2425.0,17.06,0.0009,11599.49,315.0,2.0,1.0,18483.5,18451.01,1.0,-0.18
2020-12-09 23:00:00,18556.11,2433.0,59.7,0.0009,11494.55,316.0,7.0,-1.0,18389.74,18556.11,6.0,-0.9
2020-12-10 07:00:00,18298.22,2441.0,61.06,0.0009,11419.7,317.0,7.0,1.0,18418.15,18298.22,2.0,-0.65
2020-12-10 15:00:00,18079.99,2449.0,60.77,0.0009,11321.06,318.0,7.0,1.0,18237.52,18079.99,5.0,-0.86
2020-12-10 22:00:00,18349.0,2456.0,52.21,0.0009,11428.2,319.0,6.0,1.0,18176.99,18349.0,5.0,0.95
2020-12-11 06:00:00,17899.44,2464.0,59.25,0.0009,11389.84,320.0,7.0,1.0,17959.72,17899.44,1.0,-0.34
2020-12-11 14:00:00,17972.01,2472.0,58.03,0.0009,11287.49,321.0,7.0,-1.0,17811.95,17972.01,6.0,-0.9
2020-12-11 22:00:00,18100.01,2480.0,58.21,0.0009,11290.44,322.0,7.0,-1.0,18104.74,18100.01,6.0,0.03
2020-12-12 04:00:00,18282.02,2486.0,40.48,0.0009,11136.77,323.0,5.0,-1.0,18036.53,18282.02,4.0,-1.36
2020-12-12 15:00:00,18372.97,2497.0,83.28,0.0009,11120.28,324.0,10.0,1.0,18400.21,18372.97,1.0,-0.15
